,SUMA_MINUT,SUMA_MINUT,SUMA_KASY,SUMA_KASY,REZYGN,REZYGN
,count,mean,count,mean,count,mean
klaster,,,,,,
-1,16,526.8625,16,50.2175,16,0.375
0,3317,592.1783237865541,3317,59.49428700633102,3317,0.1438046427494724
